Year,Young ,Old 
2020,46.61706042,8.552394618
2019,47.46347539,8.277633596
2018,48.44455169,8.014734531
2017,49.48197349,7.763354164
