Year,Urban Growth (annual%)
2015,1.992885909
2016,1.918924351
2017,1.889688651
2018,1.876791199
2019,1.879084971
2020,1.893249692
